명칭,주소,위도,경도,문의 및 안내
무심정,부산광역시 금정구 북문로 23,35.2519647913,129.0559394308,051-517-3352
해운대해물칼국수,부산광역시 기장군 해맞이로 270 솔밭횟집1층,35.3220664245,129.2677801572,051-728-4552
기픈골황토마루,부산광역시 기장군 병산1길 74-39,35.3423072087,129.1933027466,051-728-6320
쿼피집,부산광역시 사상구 사상로356번길 16 성원산업,35.1762664211,128.9855365256,0507-1493-5597
해운대하얀오징어집,부산광역시 해운대구 달맞이길50번길 4,35.1611742976,129.1700125548,051-741-4557
나가하마만게츠,부산광역시 해운대구 우동1로 57대영빌딩1층,35.1667289995,129.1574801581,051-731-0886
캥거루포인트,부산광역시 해운대구 마린시티3로 51 더샵해운대아델리스111호,35.154407938,129.1456981882,051-744-5009
오반장,부산광역시 해운대구 구남로24번길 20,35.1614851749,129.1592634811,051-747-8085
솔내음한정식,부산광역시 해운대구 달맞이길117번길 17-11 이조빌딩,35.1586246757,129.1750177459,051-746-8818
스노잉클라우드,부산광역시 해운대구 달맞이길117번가길 120-306층,35.1573082804,129.1816866465,051-747-8253
사마정,부산광역시 해운대구 마린시티3로 46 우신골든메르시아204호,35.1551411828,129.1453481989,055-747-7781
시소,부산광역시 강서구 신호산단4로64번길 8,35.0850996898,128.8796759994,0507-1418-8923
구로마쯔,부산광역시 해운대구 송정광어골로 673층,35.1754704109,129.1964904151,051-704-7792
영남돼지,부산광역시 해운대구 해운대해변로209번가길 13 누룽지그랜드점,35.1600435987,129.1554444083,051-747-4228
이레옥,부산광역시 해운대구 마린시티3로 51 더샵해운대아델리스,35.154407938,129.1456981882,051-742-6421
정대만,부산광역시 남구  용소로21번길 (45-1),35.1358564541,129.1033829316,070-4159-6233
듀코비다이너,부산광역시 부산진구  전포대로199번길 (9),35.1543758891,129.0647385637,051-512-6660
광명집,"부산광역시 남구  신선로 (458, (유)세소)",35.1256714383,129.1009639763,051-621-4376
백설대학,부산광역시 영도구  웃서발로 (74),35.0790260878,129.0700707139,051-404-5039
태화육개장,부산광역시 부산진구 서면문화로 18,35.1592557554,129.0570057697,051-802-5995
다나휴스,부산광역시 해운대구 달맞이길117번가길 120-12 명당,35.1570332917,129.1806478549,070-7311-2016
경주집,부산광역시 금정구 하마2길 6 경주집,35.2790038172,129.0771062874,051-508-4265
송정해녀집,부산광역시 기장군 공수해안길 57-2,35.1860500946,129.2133497693,051-724-3055
국이네 낙지볶음,부산광역시 수영구 연수로 410,35.1680335998,129.1138311412,051-754-7776
만서리이가네막국수,부산광역시 금정구 식물원로 27,35.2244517473,129.0850570958,051-517-2226
옥이네밀면칼국수,부산광역시 수영구 민락로 13(민락동),35.1565322702,129.1224668168,0507-1310-7568
만디,부산광역시 동래구 충렬대로 1771층,35.2040233777,129.0794664766,0507-1338-2742
미락슈퍼,부산광역시 수영구 민락본동로31번길 46,35.1589598414,129.1259914433,0507-1371-3318
남천녹차팥빙수,부산광역시 수영구 수영로394번길 28,35.1407282287,129.1086712269,051-625-5544
태종대짬뽕,부산광역시 영도구 태종로 825,35.0629503196,129.0815534878,051-405-2992
돌솥밥집,부산광역시 중구 광복로37번길 7-1,35.100022984,129.0290903707,051-246-3888
예이제 한정식,부산광역시 해운대구 해운대해변로298번길 29,35.1609798175,129.1668989422,051-731-1100
부산족발,부산광역시 중구 광복로 13-1,35.0996285387,129.0266739258,051-245-5359
까미노블랑코,부산광역시 부산진구 동천로95번길 11,35.1571144137,129.061619316,0507-1400-5936
젬스톤,부산광역시 영도구 대교로6번길 33,35.0945988801,129.044800264,0507-1444-1206
그랜드애플,부산광역시 해운대구 센텀1로 25,35.1664785554,129.1320129356,051-743-3331
젠스시,부산광역시 해운대구 대천로42번길 28-5,35.1708399093,129.1714677185,051-746-7456
수변최고돼지국밥,부산광역시 수영구 광안해변로370번길 9-32,35.1567852389,129.1343130018,051-754-9222
전골(그집),부산광역시 사상구 가야대로 268-15(주례동),35.1495336101,129.0021135902,051-323-7988
그랜드 애플,부산광역시 해운대구 센텀1로 25(우동),35.1664480043,129.1320795973,051-743-3331
미청식당,부산광역시 기장군 일광면 기장해안로 1303,35.2603115904,129.2331904364,051-721-7050
바릇식당,부산광역시 기장군 일광면 문오성길 61,35.2828401074,129.2592819866,070-8845-7277
가가와,부산광역시 부산진구  중앙번영로 (6),35.1448074253,129.0598281416,051-634-5303
딤타오,부산광역시 해운대구 우동1로 25,35.1639765115,129.1564858763,051-741-3638
더가마,부산광역시 기장군 당사로5길 6,35.1860222507,129.209600096,051-746-6181
스스키노 전포점,부산광역시 부산진구 서전로38번길 7-1,35.1574533108,129.0641163111,0507-1368-9777
스시미르네,부산광역시 해운대구 세실로 75 일진빌딩,35.1713288423,129.1767977973,051-703-5623
퍼프베이커리,부산광역시 부산진구 동천로 56,35.1536259364,129.0627498685,051-912-5757
무명일기,부산광역시 영도구 봉래나루로 178,35.0964819793,129.0435169912,070-7347-8069
연어바치,부산광역시 남구 용소로21번길 711층 연어바치,35.1363897422,129.1041384067,010-3534-9901
미포집,부산광역시 해운대구 달맞이길62번길 3,35.1607938119,129.1714679947,"0507-1382-2205<br><a href=""https://www.instagram.com/mipojip/"" target=""_blank"" title=""새창 : 미포집"">www.instagram.com/mipojip</a>"
리버사이드,부산광역시 기장군 일광로 582-44,35.292969535,129.2596622276,051-1426-1855
또시아,부산광역시 영도구 절영로 6,35.0937072312,129.0403590084,0507-1436-3837
아티성블렁제리 빵빵빵,부산광역시 해운대구 우동1410-1,35.1549384163,129.144728813,0507-1357-6666
부센동,부산광역시 수영구 수영로588번길 7 광안 협성엠파이어Ⅱ108호,35.1583902331,129.1136786414,0507-1341-2390
하늘횟집,부산광역시 수영구 민락수변로 125 골든뷰6층 하늘횟집,35.1553020678,129.1341102822,0507-1347-5474
뺑드엘리시안,부산광역시 해운대구 센텀동로 35 센텀에스에이치밸리,35.1725000849,129.1310156347,0507-1388-2622
원조할매복국,부산광역시 해운대구 달맞이길62번길 1,35.1609243536,129.1715207639,051-742-2789
기장집,부산광역시 금정구 공해4길 11,35.2441295442,129.0551730462,051-517-5705
디저트시네마,부산광역시 연제구 쌍미천로 32-1(연산동),35.1763100199,129.0905190532,051-867-5757
해운대기와집대구탕,부산광역시 해운대구 달맞이길104번길 46(중동),35.1582024915,129.1744983575,051-731-5020
사비아,부산광역시 해운대구 달맞이길117번라길 100(중동),35.1623021845,129.1827141976,0507-1348-4137
카페오시오,부산광역시 기장군 일광로 310,35.2719106213,129.2509302385,051-721-0401
로와맨션,부산광역시 기장군 학리2길 6,35.2589424961,129.2437534446,051-723-9313
메이크씨,부산광역시 기장군 일광로 754,35.308384468,129.2593618262,051-728-1469
철마한우산마루,부산광역시 기장군 이곡1길 6-61층,35.2763893324,129.178855831,051-722-6514
알천순대곱창전골전문점 본점,부산광역시 남구 용소로7번길 88 천우빌,35.1385783967,129.1047382951,051-612-5952
최뼈다구해장국,부산광역시 사상구 광장로 22,35.1624122959,128.9789319234,051-312-7577
카페 바이버,부산광역시 사상구 학감대로191번길 16,35.1484501394,128.9880815079,051-715-9045
합천일류돼지국밥,부산광역시 사상구 광장로 34,35.1623373286,128.9802595873,051-317-2478
디에이블 광안점,부산광역시 수영구 민락수변로 29 민락동 바다마루3층,35.1532743426,129.1246833799,051-754-5759
꺼먹동네횟집,부산광역시 기장군 일광면 문오성길 509,35.2984911353,129.2594870893,0507-1372-1547
청와정,부산광역시 부산진구 동평로44번길 55,35.1641103825,129.036163006,051-989-9292
해변짚불곰장어,부산광역시 기장군 기장읍 공수2길 11,35.1854362421,129.2115943834,051-721-4539
일번지자갈치산곰장어,부산광역시 해운대구 구남로41번길 12,35.1610408317,129.1620465848,051-743-5340
일송면옥,부산광역시 금정구 부곡로141번길 6,35.2287458356,129.0918341648,051-514-3381
죽도집 (죽도횟집),부산광역시 기장군 기장읍 연화1길 215,35.2195993671,129.2268671131,051-721-2411
카페 385,부산광역시 영도구 태종로 539,35.0843256105,129.0763172491,051-403-0385
옥탑방,부산광역시 기장군 기장읍 기장해안로 266 5층,35.1982517091,129.224256818,0507-1435-3656
곰내재468,부산광역시 기장군 정관읍 곰내길 468,35.3063830734,129.1724972215,051-728-4135
브라운피크닉,부산광역시 기장군 철마면 개좌로 763-25,35.2691645819,129.1487058779,0507-1315-2192
어느멋진날,부산광역시 기장군 일광면 기장해안로 1286,35.2588451085,129.2342959364,051-724-1711
쌍둥이돼지국밥(2호점),부산광역시 남구 유엔평화로 35-1(대연동),35.1318150359,129.0923340028,051-628-7020
거대갈비,부산광역시 해운대구 달맞이길 22(중동),35.1619436056,129.1672933258,051-746-0037
어밤부,부산광역시 해운대구 송정광어골로 87(송정동),35.1737650502,129.1967043325,051-702-8183
해운대원조할매국밥,부산광역시 해운대구 좌동로53번길 29(중동),35.1715509634,129.1726842596,051-731-3363
클래식캠퍼,부산광역시 사상구 대동로 224(학장동),35.1473807641,128.9853067784,051-313-4860
복성반점,부산광역시 사하구 하신중앙로 289(하단동),35.10368246,128.9624682898,051-291-7834
고향연화,부산광역시 기장군 기장읍 연화길 33-8,35.2175023423,129.2248423468,"051-724-9005, 0507-1466-9008"
다솥맛집,부산광역시 해운대구 송정광어골로 29(송정동),35.1786061974,129.1979318704,051-702-3130
사천게장집,부산광역시 사상구 낙동대로1518번길 27(삼락동),35.1935894815,128.9856138232,051-301-1094
초량밀면,부산광역시 동구 중앙대로 225(초량동),35.1173768094,129.0406222279,051-462-1575
장씨해녀집,부산광역시 기장군 기장읍 연화1길 169,35.2180495516,129.2274254402,051-721-2425
밀양순대돼지국밥,부산광역시 해운대구 구남로 28(우동),35.1615435216,129.1603494961,051-731-7005
우리이모집,부산광역시 영도구 감지해변길 92(동삼동),35.0610310165,129.0775455548,010-5025-3134
철마연밥,부산 기장군 철마면 웅천리 324-6,35.2941454762,129.1681701593,051-724-8080
웨스턴챔버,부산광역시 기장군 병산로 221-19 호수가든,35.3464982613,129.185583858,0507-1375-5356
이티135,부산광역시 사하구 다대로 95,35.0941421514,128.9782671739,051-206-6202
도토리,부산광역시 기장군 상장안1길 29-4,35.3699717077,129.2434614969,051-727-7800
하늘연달 스무아흐레,부산광역시 북구 덕천로 375,35.2099887306,129.0445582408,0507-1314-0720
브레이크인커피,부산광역시 기장군 병산로 117,35.340837641,129.1778263576,0507-1308-7081
원조꼬리곰집,부산광역시 동래구 온천장로 52,35.2160776107,129.0809687926,0507-1379-1134
오플로우,부산광역시 강서구 가락대로 1206 거양빌딩,35.1725347307,128.9010578748,051-312-4074
명지 브런치카페 테라비,부산광역시 강서구 명지국제8로10번길 16,35.0921382137,128.902787686,051-208-1929
채플린,부산광역시 기장군 기장해안로 880 아담과이브,35.2337953308,129.2446679494,051-724-5316
해녀천지할매집,부산광역시 기장군 연화1길 210 천지회가든,35.2193827342,129.2273615202,051-721-6611
엠아이알오,부산광역시 기장군 문오성길 56B동,35.282731787,129.2593180968,0507-1395-1225
어부밥상,부산광역시 기장군 기장해안로 1323,35.2619280717,129.2329681889,051-724-5066
미동암소정,부산광역시 기장군 미동길 21,35.288204526,129.1708617561,051-721-9441
마포면옥,부산광역시 기장군 월내2길 10-36 마포면옥,35.3284992619,129.2798400399,051-727-5585
대궐쌈밥정관점,부산광역시 기장군 정관5로 26,35.3210370286,129.1748188358,051-724-8555
기장끝집,부산광역시 기장군 기장해안로 895 기장원조수산횟집,35.2348590788,129.2435319086,0507-1491-0272
장룡수산 본점,부산광역시 강서구 낙동남로 749,35.1214875904,128.8965596542,051-971-8077
자갈치왕짬뽕,부산광역시 강서구 공항로447번길 6,35.148024519,128.9517374613,051-971-3034
용천집,부산광역시 기장군 화용길 179,35.2852473469,129.2150552127,051-722-0052
박가네순두부,부산광역시 강서구 신호산단1로98번길 91,35.0808278824,128.8762264158,0507-1440-8820
우남정,부산광역시 기장군 곰내길 115 우남정,35.2836519843,129.156124276,051-721-0341
명지광복경양식,부산광역시 강서구 명지국제6로220번길 191층,35.0953632435,128.9241107421,0507-1320-2400
월화횟집,부산광역시 기장군 문오성길 501-3 월화횟집1층,35.2982606042,129.2594398781,051-727-0467
만호횟집,부산광역시 강서구 르노삼성대로 602,35.1013709857,128.9286018554,051-271-4389
강호중마라도물회,부산광역시 강서구 녹산화전로 2831층,35.1120076519,128.8722536946,051-971-5521
일광수산횟집,부산광역시 기장군 학리등대로 74 일광수산횟집,35.2577315502,129.2453172303,051-724-4961
제주복국,부산광역시 영도구 절영로 481,35.0710436259,129.0688904785,051-405-5050
철마원조추어탕,부산광역시 기장군 개좌로 763 원조추어탕,35.2683841323,129.1496613718,051-722-0032
카페공지,부산광역시 기장군 기장해안로 509,35.2196576619,129.2251589263,051-722-6060
해녀할매집,부산광역시 기장군 연화2길 30-1,35.2189494395,129.2268504654,051-722-5300
엄마손대구탕,부산광역시 해운대구 송정중앙로6번길 20 엄마손대구탕,35.1828696674,129.201100922,051-703-8683
원조석대추어탕,부산광역시 해운대구 반송로571번길 5,35.2194058333,129.1251370789,051-523-7819
하가원 해운대점,부산광역시 해운대구 좌동로91번길 28,35.1734368932,129.1742951786,051-702-5511
듀스포레,부산광역시 남구 황령대로319번가길 193 한국어병연구소,35.1504934531,129.0897781585,051-746-5887
거루캥테이블,부산광역시 해운대구 송정중앙로5번길 79 송정중앙침례교회,35.1869470403,129.2038533478,0507-1321-2511
넘버원 화로구이 송정점,부산광역시 해운대구 송정구덕포길 170지상 3층,35.1684989751,129.1968183564,051-703-7335
라꽁띠,부산광역시 해운대구 청사포로 85,35.1626050452,129.1890108643,051-701-7890
류센소 본점,부산광역시 해운대구 구남로8번길 621층,35.1616267696,129.1562304075,0507-1493-8283
맘보식당,부산광역시 해운대구 송정광어골로 761층,35.1748565824,129.196057137,0507-1339-4947
맛소문오리불고기,부산광역시 해운대구 좌동로 109-17 맛소문오리불고기,35.1739368835,129.1767893923,0507-1317-5293
문토스트,부산광역시 해운대구 송정해변로 16 남양횟집,35.1809477221,129.2043979105,010-4559-4559
낙동강오리알 본점,부산광역시 강서구 상덕로 35-1,35.1926187056,128.9073095606,0507-1339-8873
대마등,부산광역시 강서구 르노삼성대로 574,35.0987684926,128.9282186258,051-208-6464
해운대밀면,부산광역시 해운대구 중동2로10번길 21,35.1634434086,129.1657295317,051-743-0392
해운마루,부산광역시 해운대구 달맞이길62번길 65 해운마루,35.1570414944,129.1736429088,051-743-2772
한방장어구이,부산광역시 연제구 아시아드대로 8,35.1863279778,129.0707816073,051-503-3353
거대곰탕,부산광역시 해운대구 해운대해변로 163 현대베네시티아파트상가동 103호,35.1584047875,129.1497310611,051-731-0157
디에이블 달맞이점,부산광역시 해운대구 달맞이길 1293층,35.1572693048,129.1767815183,0507-1407-7984
라이프커피앤티,부산광역시 해운대구 달맞이길65번길 1675층,35.1568055116,129.179145214,010-5592-6190
카페 인 부산,부산광역시 해운대구 달맞이길117번가길 1754층,35.1596580339,129.1825753935,1899-9074
프론트오브,부산광역시 해운대구 송정구덕포길 70,35.172751293,129.1976931637,051-701-3938
할매집,부산광역시 해운대구 중동2로10번길 7해운대온천센터 1층,35.1630962099,129.1649018354,051-741-1184
진목카페,부산광역시 강서구 명지새동네길2번길 56-3,35.1059288591,128.9313209391,0507-1351-5363
느루 한정식,부산광역시 금정구 금샘로 478 조은골프연습장,35.26589989,129.0856836787,051-512-6460
식당연화 연화리 본점,부산광역시 기장군 연화길 43-1 만선빌,35.2179050802,129.2251145341,051-724-7153
아수라,부산광역시 기장군 반송로 1628 부흥갈비,35.2506568035,129.2163699448,051-721-7002
안영순베이커리카페,부산광역시 기장군 반송로 1336 장독마을,35.2508701798,129.1900972251,051-724-3239
지미지니팍,부산광역시 부산진구 부전로66번길 24,35.1558366751,129.0559809523,010-5012-6004
오륙도낙지,부산광역시 금정구 수림로20번길 49,35.2418165632,129.0902145024,051-515-0016
일광대복집,부산광역시 기장군 일광면 이화로 3,35.2670136233,129.2335346654,051-721-1561
할매재첩국,부산광역시 사상구 낙동대로1530번길 20-15,35.1933867348,128.9860915647,051-301-7069
남포삼계탕,부산광역시 중구 남포길 16-1,35.0988037025,129.0305791636,051-245-5075
원산면옥,부산광역시 중구 광복로 56-8,35.0989870243,129.0310680055,051-245-2310
할매팥빙수단팥죽,부산광역시 남구 용호로90번길 24,35.1243106672,129.1111159093,0507-1401-9946
파도횟집,부산광역시 기장군 기장읍 기장해안로 601,35.2248377282,129.2300250267,051-721-3762
비비비당,부산광역시 해운대구 달맞이길 239-16,35.1624966512,129.185075098,051-746-0705
포레스트3002,부산광역시 강서구 낙동남로682번길 262(녹산동),35.1159714871,128.8935600653,051-941-7893
메그네이트,부산광역시 남구 진남로 135B동 1층,35.1389279093,129.0804709512,051-635-5005
신기숲,부산광역시 영도구 와치로 65 산새소리유치원,35.0868889171,129.0603019046,051-414-7774
에테르,부산광역시 영도구 절영로 234,35.0772952921,129.0465200301,051-263-5055
본참치,부산광역시 중구 해관로 73,35.1055141495,129.0352730173,051-463-3737
엄용백 돼지국밥,부산광역시 수영구 수영로680번길 39,35.1662727497,129.1172781118,051-757-8092
테라로사 수영점,부산광역시 수영구 구락로123번길 20 F1963,35.177640888,129.1154585135,033-648-2760
신기산업,부산광역시 영도구 와치로51번길 2,35.0880971275,129.0609657027,070-8230-1116
오르디,부산광역시 사상구 대동로107번길 17 오르디,35.1397815022,128.9791547432,0507-1374-8669
블랙업커피 을숙도,부산광역시 사하구 낙동남로1233번길 30,35.1104258729,128.9473971952,051-203-7791
톤쇼우,부산광역시 금정구 금강로 247-10,35.2304871678,129.0842986624,051-517-1727
공극샌드커피,부산광역시 기장군 공수해안길 41,35.1845252618,129.2131276086,051-723-9770
오프오,부산광역시 기장군 기장해안로 860,35.2318955293,129.2439041795,051-722-5585
기장 이화장 횟집,부산광역시 기장군 기장해안로 560-5 이화장여관,35.2236905771,129.2269447707,051-723-1819
마리솔,부산광역시 기장군 일광로 290,35.2721438894,129.2488304146,051-724-1106
바보낙지,부산광역시 기장군 동암해안길 6,35.1949520353,129.221921001,051-724-4777
본가딸부자전복죽집,부산광역시 기장군 연화2길 14-1,35.2175468041,129.2260450183,051-721-7887
하늘아래 첫 집,부산광역시 기장군 병산2로 54-23 하늘아래첫집,35.3492314413,129.1938108439,051-727-5518
하진이네,부산광역시 해운대구 청사포로 151 하진이네,35.1620496446,129.1940076674,051-702-4092
타이가텐푸라,부산광역시 해운대구 우동1로38번가길 151층,35.1648042324,129.1584217967,051-731-1914
구덕포끝집고기,부산광역시 해운대구 송정구덕포길 178,35.1680045876,129.1968878084,051-702-4279
흑송,"부산광역시 해운대구 송정광어골로 73 블루웨이브1, 2층",35.1750510142,129.1965348672,051-704-9955
키치니토 키친,부산광역시 해운대구 송정중앙로5번길 981층,35.1876664099,129.2041616347,051-702-9052
키친동백,부산광역시 해운대구 달맞이길117번가길 85 키친동백,35.157827613,129.1787924398,051-731-0022
영남식육식당,부산광역시 해운대구 대천로106번길 26-10 영남식육식당,35.1735868911,129.1750867729,051-702-0110
샤브막심 송정본점,부산광역시 해운대구 송정구덕포길 104,35.1712292375,129.1974932227,010-4201-5551
송정물총칼국수,부산광역시 해운대구 송정중앙로6번길 184 명신횟집,35.1763758683,129.196657043,070-7758-6662
스케줄해운대,부산광역시 해운대구 해운대해변로 287 씨클라우드,35.1604686777,129.1622688032,051-741-1228
싱싱뽈락회 해운대본점,부산광역시 해운대구 해운대해변로209번나길 64,35.1597103343,129.1571359371,051-747-8090
백구당,부산광역시 중구 중앙대로81번길 3,35.1048614541,129.0357785466,051-465-0109
부우사안,부산광역시 해운대구 해운대해변로209번나길 16 동성장,35.1601741223,129.1545194851,051-741-3310
희와제과,부산광역시 부산진구 전포대로246번길 6 동양팰리스1층 상가,35.1584310105,129.0658105816,051-911-3603
아시오,부산광역시 부산진구 초읍동165-10,35.1822280386,129.0492419275,051-809-3325
초함,부산광역시 부산진구 성지로 101,35.1792367648,129.0523750701,051-802-9090
해신킹크랩,부산광역시 부산진구 전포대로275번길 65,35.1630776762,129.0638883992,051-804-0039
303화덕 송정점,부산광역시 해운대구 송정광어골로 93,35.1733845401,129.1968598854,051-701-3035
스페이스앤무드,부산광역시 부산진구 새싹로 22-1 라이프빌리지13F,35.1599112511,129.0577306889,051-915-1155
속씨원한 대구탕 해운대점,부산광역시 해운대구 해운대로570번길 112층,35.1608990589,129.1554693826,051-731-4222
양산국밥,부산광역시 해운대구 좌동로10번길 75,35.1678735982,129.1727315789,051-703-3544
거창맷돌순두부,부산광역시 남구 유엔로 221,35.1306125441,129.1005555434,051-623-6204
서대시장족발,부산광역시 서구 대영로 43-2,35.1097049981,129.016318996,051-253-6023
영남냉면밀면,부산광역시 서구 보수대로201번길 7,35.1131685724,129.0203018886,051-243-9963
원조18번완당,부산광역시 서구 구덕로238번길 6,35.1058055113,129.0204854066,051-256-3391
연산낙지해물탕,부산광역시 연제구 과정로 121,35.1823596461,129.1069341252,051-758-8838
대동냉면밀면,부산광역시 중구 흑교로45번길 311층,35.1037002144,129.0217353553,051-244-4536
만석미역 본점,부산광역시 중구 충장대로5번길 32-1,35.1081305635,129.037453312,051-714-5734
한우뭉치,부산광역시 중구 보수대로 106 한우뭉치,35.1053166975,129.0215936568,051-254-3250
늘해랑,부산광역시 부산진구 중앙대로928번길 12,35.1723017878,129.0716985784,051-863-6997
두번째 늘해랑,부산광역시 부산진구 양지로5번길 24,35.1706213954,129.0703459641,0507-1427-5383
불끈낙지,부산광역시 부산진구 가야대로410번길 4 하이마트개금점,35.1516753219,129.01760385,051-896-7900
하론테라스,부산광역시 수영구 민락수변로 1473층,35.1568491242,129.1345102051,0507-1401-5556
타타에스프레소바,부산광역시 수영구 무학로33번길 571층,35.1640674534,129.1179253383,010-1356-0727
게스후,부산광역시 수영구 광안해변로 183,35.1509244464,129.116078637,051-757-1213
다옴,부산광역시 수영구 수영로464번길 9 준정빌딩105~106호,35.1473775262,129.1109430695,0507-1407-0372
닭발의지존,부산광역시 수영구 연수로 374,35.1701805242,129.1107007989,051-865-8449
리오네,부산광역시 수영구 구락로 36,35.1716333124,129.1200610561,051-753-0202
바로해장,부산광역시 수영구 광남로94번길 2 광일101호,35.15014673,129.1146787801,051-756-5515
비스포레,부산광역시 수영구 민락수변로239번길 43층,35.1636843621,129.1287021896,051-759-8828
알로이삥삥,부산광역시 수영구 민락수변로 127,35.1554048353,129.1341769402,010-2406-0275
엘올리브,부산광역시 수영구 좌수영로 129-1,35.1757494815,129.1180638945,051-752-7300
오후의홍차,부산광역시 수영구 민락수변로 2434층,35.1641426368,129.1282827684,0507-1381-5115
장덕풍천산삼민물장어,부산광역시 수영구 민락수변로 1471층,35.1568491242,129.1345102051,051-757-5078
솔밭커피,부산광역시 기장군 해맞이로 270 솔밭횟집1층,35.3220664245,129.2677801572,0507-1311-4553
배종관동래삼계탕,부산광역시 동래구 동래로116번길 39 동래삼계탕,35.205298333,129.0847770907,051-555-2464
로아누,부산광역시 기장군 기장대로 868-34,35.2735239812,129.2322429307,0507-1471-1182
쌍둥이돼지국밥 대연점,부산광역시 남구 유엔평화로13번길 2 쌍둥이돼지국밥,35.133637051,129.0921978543,051-628-7020
감포참가자미,부산광역시 동구 범일로102번길 16-20,35.1383498379,129.0610587668,051-643-3188
디원카페,"부산광역시 기장군 일광로 3262층, 3층",35.272449487,129.2529272719,051-723-5253
영남식육식당 동래점,부산광역시 동래구 명륜로112번가길 51,35.2058732352,129.0829716765,0507-1332-2228
왕밀면냉면전문점,부산광역시 강서구 영강길17번길 641층,35.1067036757,128.9260547095,051-988-2021
신가네 호떡 김밥 떡볶이,부산광역시 동래구 충렬대로249번길 61,35.204101282,129.0867797268,051-552-2644
전원숯불 부산구서점,부산광역시 금정구 금강로 449,35.2475325564,129.0884228343,051-516-0125
토로,부산광역시 영도구 태종로752번길 25,35.0688551645,129.0788007881,051-403-8939
마파람해물찜해물탕 구서본점,부산광역시 금정구 금강로 4182층,35.2447995324,129.088611782,051-557-5577
공원집,부산광역시 부산진구 가야공원로 83-12,35.1457178671,129.0290835698,051-893-0629
푸디1354,부산광역시 강서구 가락대로 13541층,35.1856110779,128.9029434656,051-972-1354
우성삼계탕,부산광역시 수영구 광서로10번길 68,35.1672309176,129.1141255813,051-751-2984
김덕규과자점 강서지점,부산광역시 강서구 낙동남로 526-1,35.1118772136,128.8778809859,051-941-9989
홍순덕 전포양곱창,부산광역시 수영구 과정로16번길 23,35.1735190256,129.1099591046,0507-1352-0543
스시미르네 용호점,부산광역시 남구 분포로 115 힐탑탑플레이스B동 1층,35.1318126446,129.1132655164,051-623-5623
신라농원,부산광역시 북구 기찰로 7 신라농원,35.2117128258,129.0059921082,0507-1305-8385
그라치에,부산광역시 영도구 청학동로 121층,35.0890581423,129.0615711795,070-4150-9999
신기여울,부산광역시 영도구 절영로 202-2,35.0794950074,129.0443951556,070-8614-6150
타이빈,부산광역시 동래구 금강로73번길 12,35.2162941852,129.0773163274,051-558-8885
수영 돼지국밥,부산광역시 수영구 무학로 6,35.1617870895,129.1144673681,051-758-5046
미미루,부산광역시 동래구 온천장로 91-1,35.2195328159,129.0829796339,051-555-6609
합천국밥집,부산광역시 남구 용호로 235,35.1112815729,129.1112856947,051-628-4898
화복반점,부산광역시 영도구 일산봉로39번길 141층,35.086039094,129.0647515407,051-451-1118
엣지993,부산광역시 해운대구 달맞이길62번길 78,35.156455477,129.1751650147,051-703-9930
오대감,부산광역시 해운대구 재반로 51-11층,35.1833543367,129.1262824147,051-784-7727
우봉,부산광역시 해운대구 마린시티1로 155 해운대현대하이페리온2층,35.1572465574,129.1483062168,051-746-9256
공원칼국수,부산광역시 남구 유엔평화로 110,35.126265714,129.0954366632,051-611-3913
스완양분식,부산광역시 동구 중앙대로236번길 7-5,35.1181073148,129.042383166,051-634-2846
은하갈비,부산광역시 동구 초량중로 86,35.1193265729,129.0396278173,051-467-4303
홍유단 광안점,"부산광역시 수영구 민락수변로 29 민락동 바다마루2층 204, 205호",35.1532743426,129.1246833799,051-759-4001
1950 태성당,부산광역시 동구 중앙대로296번길 3-51층,35.123315108,129.0446772693,051-467-3589
카페드220볼트 오시리아,부산광역시 기장군 기장해안로 98오시리아 스퀘어 3F 카페드 220볼트,35.1877387817,129.2126497835,070-4367-1725
초량온당,부산광역시 동구 홍곡로58번길 7산드라빌 1층,35.1244593706,129.0417774896,010-2137-1271
303화덕 동래점,부산광역시 동래구 차밭골로 37,35.2171413152,129.0774746236,051-944-7044
우디브룩,부산광역시 사상구 학감대로 2 구덕농원,35.1345574344,128.9980004677,051-314-2593
동원장수촌,부산광역시 사하구 동매로 117 건우리안,35.1018550433,128.9709870422,051-202-4100
시골통돼지볶음 부산연산점,부산광역시 연제구 중앙대로1075번길 9,35.1842700351,129.0794420207,051-851-0822
하늘어장,부산광역시 중구 구덕로 40남포문고 13층,35.0984898681,129.0315901956,051-242-1865
일번횟집,부산광역시 기장군 기장읍 기장해안로 560-9,35.2238322292,129.2270253156,051-721-6750
남항횟집,부산광역시 기장군 기장읍 기장해안로 572,35.2242294064,129.2269919734,051-721-2302
용궁해물야채쟁반짜장,부산광역시 기장군 기장읍 기장해안로 208,35.1940437818,129.2207489054,051-723-0944
상국이네,부산광역시 해운대구 구남로41번길 40-1,35.1620074073,129.1629548127,051-742-9001
한양족발,부산광역시 중구 광복로 13,35.0996118703,129.0265017183,051-246-3039
물꽁식당,부산광역시 중구 흑교로59번길 3,35.1045168387,129.0244017679,051-257-3230
압구정갈비,부산광역시 금정구 청룡로 61,35.2750655293,129.0856806486,"051-512-0025, 0027"
구포집,부산광역시 중구 보수대로36번길 14-1,35.1012422102,129.02465739,051-244-2146
원조할매낙지,부산광역시 부산진구 골드테마길 10,35.142149396,129.0601698511,051-643-5037
무궁화,부산광역시 부산진구 가야대로 77243층,35.156864346,129.0564308853,051-810-6330
큰집식당,부산광역시 중구 중구로24번길 19,35.1002507497,129.029823635,051-245-3320
거창맷돌,부산광역시 동래구 미남로 124,35.2051869593,129.0698950559,051-504-3520
돌고래순두부,부산광역시 중구 중구로40번길 15,35.1015367131,129.0296625023,051-246-1825
해동횟집,부산광역시 기장군 기장읍 기장해안로 603,35.2250432656,129.2302916643,051-721-9477
수민이네,부산광역시 해운대구 청사포로58번길 118,35.1606275259,129.1909968571,051-701-7661
아델라7,부산광역시 해운대구 좌동로 111,35.1734230535,129.1768644,051-714-7007
부평족발,부산광역시 중구 광복로 19-2,35.0995785561,129.0273238707,051-254-1558
제일 산꼼장어,부산광역시 중구 자갈치해안로 65,35.0972094685,129.0322846146,051-245-8990
카파도키아,부산광역시 금정구 금단로 123-9,35.2601173263,129.0922249352,051-515-5981
미도식당,부산광역시 기장군 일광면 문오성길 441,35.2963580589,129.2604481768,051-727-6112
신가야밀면,부산광역시 부산진구 가야대로492번길 12(개금동),35.1526114804,129.0258197766,051-891-2483
칠성식당 본점,부산광역시 남구 지게골로 7(문현동),35.1358252547,129.0683387579,051-632-0749
초량불백,부산광역시 동구 초량로 36(초량동),35.1205486419,129.0387611924,051-464-0454
헤이든신씨어,부산광역시 금정구 산성로 436,35.2509426556,129.0544257017,051-515-4360
풍원장시골밥상집,부산광역시 기장군 기장해안로 250 시골밥상,35.1974490024,129.2232402619,051-721-7719
피크스퀘어,부산광역시 기장군 기장해안로 864,35.2325510123,129.2439402696,051-723-2578
헤이든,부산광역시 기장군 문오성길 22,35.2824206625,129.2567155544,051-728-4717
신발원,부산광역시 동구 대영로243번길 62,35.1148492791,129.0387363501,051-467-0177
구디너프,부산광역시 강서구 가덕해안로1169번길 28,35.0127458275,128.8331570019,010-5527-1465
록산,부산광역시 강서구 화전산업대로 272-43,35.1113663626,128.888963368,010-3439-1178
어라우즈로스터리,부산광역시 강서구 르노삼성대로 630,35.1038096127,128.9291850713,051-271-3300
이프리오,부산광역시 강서구 범방4로 32 이프리오,35.1454874813,128.8857738308,051-973-2825
모모스커피 본점,부산광역시 금정구 오시게로 18-1,35.2192384668,129.0863710134,051-512-7034
그릿비 일광,부산광역시 기장군 일광로 354,35.2743159804,129.2548492752,070-7795-8899
오구카페,부산광역시 영도구 남항서로 52,35.0856219234,129.034856929,051-414-5949
노티스,부산광역시 중구 대교로 135,35.1022423326,129.0374090315,070-4114-8232
이재모피자,부산광역시 중구 광복중앙로 31 중앙아파트,35.1021394414,129.0306068486,051-245-1478
신창국밥 본점,부산광역시 서구 보수대로 53,35.1009644253,129.0225825782,051-244-1112
EL16.52,부산광역시 서구 암남공원로 177,35.0631547097,129.0194644343,051-257-8880
구자윤과자점,부산광역시 연제구 연산동 325-4,35.1867282411,129.0874662553,051-861-6777
수복돼지국밥,부산광역시 연제구 고분로 41-12층,35.1859366536,129.0869385453,051-866-3349
소문난주문진막국수,부산광역시 동래구 사직로58번길 8,35.1960405705,129.0595628726,051-501-7856
더스타뷔페,부산광역시 부산진구 중앙대로666번길 50 더샵 센트럴스타상가동 지하2층,35.1521316444,129.0619694214,051-918-8000
툇마루,부산광역시 북구 금곡대로285번길 81 두꺼비빌딩2층,35.2342436895,129.0090301147,051-363-7377
고관함박,부산광역시 동구 중앙대로349번길 14,35.1270286105,129.0462853606,051-911-8484
VSANT,부산광역시 사상구 강변대로 420-7,35.1226858823,128.9621705766,051-326-8080
오소리순대,부산광역시 연제구 월드컵대로 162,35.1872308043,129.0789086531,051-852-2066
녹산용가든,부산광역시 강서구 낙동남로682번길 94,35.1190933587,128.893543315,051-715-3133
방코,부산광역시 강서구 명지동3174-15,35.1154581808,128.922240915,051-271-2068
벨렘351,부산광역시 강서구 대저로299번길 6,35.2115096751,128.9845550922,051-464-5613
부산조개창고 명지점,부산광역시 강서구 명지국제2로28번길 23네오웨스턴스퀘어 2동 3층,35.0935965124,128.9098120347,010-9375-3432
오리한상 명지본점,부산광역시 강서구 명지국제9로 66지봉빌딩 2층,35.0979213018,128.9247467287,051-711-0415
월남면반,부산광역시 강서구 명지국제6로302번길 19-31층,35.1025013632,128.9257409618,051-204-1124
더팜471,부산광역시 금정구 하마2길 28-17,35.2776734066,129.0768619006,051-518-3355
어보,부산광역시 기장군 일광로 582-22,35.2937000169,129.26008717,070-7543-3215
연화리 진품물회,부산광역시 기장군 연화1길 65 해운횟집,35.2150026005,129.2236758504,051-723-2597
일광당,부산광역시 기장군 일광로 125-1 일광당,35.266613701,129.2352761915,051-724-0039
장군멸치회촌,부산광역시 기장군 기장해안로 607 장군멸치회촌,35.2248044098,129.2306388629,051-721-2148
제주항통갈치,부산광역시 기장군 공수2길 3-2,35.1861028359,129.2116665805,051-723-3566
클라임타워,부산광역시 기장군 문오성길 39,35.2828734158,129.2581070881,051-727-5100
포에버얌 부산기장점,부산광역시 기장군 문오성길 43 해마수산횟집,35.2827845407,129.2583070724,051-721-3645
가마솥생복집,부산광역시 기장군 차성로 327-2 가마솥생복집,35.2470210453,129.2134452993,051-722-2995
마레레스토랑,부산광역시 기장군 일광로 350 마레레스토랑,35.2739382385,129.2545020936,051-721-1442
부엌우동집,부산광역시 기장군 일광로 757 런던부띠끄,35.3088344143,129.2591784953,051-727-6348
아데초이,부산광역시 기장군 문오성길 162-1,35.2864924566,129.2582291988,070-8804-1355
일광 카페 숲,부산광역시 기장군 학리등대로 45,35.2598118501,129.2441089449,051-723-6556
메밀447,부산광역시 기장군 화용길 53-33,35.2809008672,129.2287846943,051-724-4478
리바타,부산광역시 기장군 일광로 466,35.2841288089,129.2569321556,051-727-3535
브리타니,부산광역시 강서구 가덕해안로 663,35.0375815671,128.8128719869,010-8771-4172
황금새우기장본점,부산광역시 기장군 일광로 328,35.2722884009,129.2532994662,051-724-4747
하바나,부산광역시 기장군 일광로 792 하바나,35.3114897076,129.2610810343,051-727-7920
피크니커,부산광역시 기장군 문오성길 396,35.2942832976,129.2607954264,010-8524-4922
일광정,부산광역시 기장군 일광로 645,35.2996881955,129.2580316277,051-727-5747
유정1995,부산광역시 기장군 병산로 303-1,35.3528253562,129.1869974481,051-728-4642
제이엠커피로스터스 정관점,부산광역시 기장군 곰내길 634,35.3150459821,129.172016468,051-728-2118
철마한우수목원,부산광역시 기장군 곰내길 308 수목원한우,35.2943538074,129.169311721,0507-1322-5185
형제가든,부산광역시 기장군 석길길 16-6 형제정육점,35.2857713545,129.1649012311,0507-1352-9157
덕산명가 참소국밥,부산광역시 남구 유엔로 187,35.1304208304,129.0968253177,051-626-0222
카페 만디,부산광역시 사하구 오작로 104-7,35.1003836071,129.0047758093,070-7818-1047
충짱카레,부산광역시 남구 동명로132번길 123 심우연립,35.1143395453,129.1102968087,010-2620-9773
몽실종가돼지국밥,부산광역시 서구 까치고개로197번길 3,35.1001616416,129.0173663871,051-256-0133
태백관,부산광역시 동래구 충렬대로285번길 31,35.2018349452,129.0908960978,051-556-6663
코모도테이블,부산광역시 동래구 온천천로453번길 23-21층,35.1925556547,129.1030841806,0507-1419-5478
금강만두,부산광역시 동래구 사직북로5번길 111층,35.1961627928,129.0602739189,051-502-8784
수안커피컴퍼니 플래그십 스토어,부산광역시 동래구 충렬대로256번길 32 수안커피컴퍼니,35.1998517568,129.086710405,051-557-1356
오드이븐 다대포점,부산광역시 사하구 몰운대2길 1,35.0462278985,128.9689609516,0507-1411-0929
만선해물탕 부산기장점,부산광역시 기장군 구연로 18-8,35.3216704073,129.1810766062,0507-1336-9289
파나카F,부산광역시 동래구 금정마을로 54,35.2121971536,129.0627927041,0507-1403-5779
병산365,부산광역시 기장군 병산2로 54-8,35.3493814112,129.1930831246,070-4651-0980
함경면옥 동래본점,부산광역시 동래구 충렬대로 213 함경면옥,35.2026319338,129.083052314,051-556-2020
부산조개창고,부산광역시 기장군 구연3로 17트윈타워브릿지 B동 2층,35.3214426643,129.181571014,010-5481-7512
해물왕창칼국수,부산광역시 사상구 사상로 316,35.172736229,128.9837923295,0507-1357-2579
아라진,"부산광역시 기장군 문오성길 2811, 2층",35.290119833,129.2585068518,0507-1358-6161
우송가든,부산광역시 기장군 철마로 697 우송,35.2643376886,129.1671432951,051-721-0052
월내반점,부산광역시 기장군 해맞이로 425 여명빌딩,35.3296130655,129.281956491,051-727-3911
303일상,부산광역시 동래구 차밭골로 36-4,35.2170080024,129.0777662684,051-552-3338
개화,부산광역시 중구 광복로 21,35.0996007776,129.0273905304,051-245-6205
고향집칼국수,부산광역시 남구 신선로 397-2,35.1212302164,129.0981282334,051-622-2366
급행장,부산광역시 부산진구 서면문화로 4,35.1581031257,129.0580307117,051-809-2100
기장방우횟집,부산광역시 금정구 오륜대로 15,35.2414111286,129.094280826,051-581-4346
장성향,부산광역시 동구 대영로243번길 29,35.1135771812,129.0377225842,051-467-4496
정림한정식,부산광역시 동래구 충렬대로237번길 31-3,35.2030402602,129.0851937831,051-552-1211
중앙모밀,부산광역시 중구 중앙대로49번길 9-1,35.1018812231,129.0352897814,051-246-8686
마산게낙찜,부산광역시 해운대구 마린시티1로 91,35.1549189697,129.1445010556,051-747-7773
신라횟집,부산광역시 수영구 광안해변로 273-1,35.1559434697,129.1236917264,051-753-2800
동래원조산곰장어,부산광역시 동래구 명륜로98번길 42,35.2021625913,129.0857576472,051-553-8377
광안리부산횟집,부산광역시 수영구 민락수변로 29,35.1533771086,129.1246694896,051-753-8881
스시몬,부산광역시 동래구 삼성대길 40,35.2047566751,129.0819690166,051-553-0303
정을담다,부산광역시 부산진구 중앙대로692번길 38,35.1542536173,129.0613110876,051-808-4004
초원농원,부산광역시 사상구 낙동대로 1498 주식회사 국제식품,35.1922756903,128.9829474247,051-301-1592
충무횟집,부산광역시 중구 자갈치해안로 27,35.0965428013,129.0282238746,051-246-8563
우정갈비,부산광역시 금정구 금샘로 353,35.2547844491,129.0845590824,051-513-2100
해운대암소갈비집,부산광역시 해운대구 중동2로10번길 32-10,35.1632545515,129.166310042,051-746-0033
새아침맛집,부산광역시 해운대구 달맞이길62번길 28,35.1588551249,129.1706708948,051-742-4053
오페라,부산광역시 해운대구 달맞이길117번길 29,35.1589857552,129.1754760289,051-746-6670
대궐안집,부산광역시 사상구 광장로 68,35.1617263562,128.9840592735,051-322-1223
동래별장,부산광역시 동래구 금강로123번길 12,35.2208492664,129.0792715868,051-552-0157
윤가네신토불이보쌈,부산광역시 해운대구 구남로29번길 35,35.1628656306,129.1621965218,051-731-1441
밀레니엄횟집,부산광역시 수영구 민락수변로 103,35.1548020818,129.1318466039,051-755-0005
수정궁,부산광역시 수영구 민락수변로 25(민락동),35.153607636,129.1245417159,051-753-2811
기장혼국보미역,부산광역시 기장군 기장읍 공수1길 3,35.1836364305,129.2108806062,051-723-2332
카페녹녹,부산광역시 기장군 미동길 7-20,35.2896293775,129.1714699967,051-781-5337
명란브랜드연구소,부산광역시 동구  영초윗길 (22-1),35.117135066,129.035033832,
대보름,부산광역시 기장군 기장해안로 98디 101호(오시리아스퀘어),35.1877387817,129.2126497835,1670-8515
칠암사계,부산광역시 기장군 칠암1길 7-10,35.2999215202,129.2589676506,0507-1318-4900
할매가야밀면,부산광역시 중구 광복로 56-14,35.0989509211,129.0312346584,051-246-3314
아미산,부산광역시 해운대구 해운대해변로 154,35.1581353515,129.1485450604,051-747-0131
목장원,부산광역시 영도구 절영로 355,35.071657234,129.0573775733,051-404-5000
김유순대구뽈찜,부산광역시 남구 진남로 15,35.1364061736,129.0915367246,051-627-4319
고스락,부산광역시 기장군 장안읍 해맞이로 286,35.3223497637,129.2697855304,051-727-0101<br />051-727-7702
외식1번가,부산광역시 해운대구 해운대로 425,35.1663954099,129.1416454336,051-743-3338
신센,부산광역시 수영구 남천동로108번길 49,35.1468804084,129.11359563,051-627-9191
대궁삼계탕,부산광역시 서구 구덕로 202,35.1026669669,129.0201466324,051-244-6458
밥앤밥 센트럴스퀘어,부산광역시 부산진구 중앙대로666번길 50,35.1520066402,129.0609389592,051-932-5052
포항돼지국밥,부산광역시 부산진구 서면로68번길 25,35.1559450436,129.0585557249,051-807-5439
아이온파티 서면,부산광역시 부산진구 서면로 74,35.1572448913,129.0581834995,051-608-9011
감나무집,부산광역시 금정구 공해2길 2(금성동),35.2442128801,129.0557979895,051-517-1378
고향맛,부산광역시 부산진구 중앙대로 711,35.1563811107,129.0588056916,051-803-1363
원조범일동매떡,부산광역시 부산진구 골드테마길 52-2,35.1440852924,129.0602642345,051-633-0166
부산명물횟집,부산광역시 중구 자갈치해안로 55,35.0971289007,129.0311458269,051-245-7617
도림,부산광역시 부산진구 가야대로 772,35.156864346,129.0564308853,051-810-6340
곰보식당,부산광역시 사상구 낙동대로 1564,35.1965808534,128.9878357701,051-304-7733
금문,부산광역시 동래구 온천장로119번길 57,35.2218825305,129.0817935615,"051-555-4987, 051-552-2074"
속시원한 대구탕,부산광역시 해운대구 달맞이길 229,35.1610190212,129.1841196663,051-747-1666
대구횟집,부산광역시 중구 자갈치해안로 57,35.0971900101,129.0314013586,051-241-7245
옥미아구찜,부산광역시 수영구 망미번영로55번길 35,35.1737300923,129.108836975,051-754-3789
동래할매파전,부산광역시 동래구 명륜로94번길 43-10,35.2046206142,129.0838605224,051-552-0792
갈비곳간,부산광역시 부산진구 서면문화로 32,35.1599862176,129.0563669161,051-714-4457
박해윤통영해물밥상,부산광역시 동래구 연안로 38(안락동),35.1911614625,129.1082532132,051-525-0120
전산가든,부산광역시 기장군 일광면 학리길 16,35.2578176071,129.2429341024,051-721-1093
광안리 언양불고기부산집(언양불고기부산집),부산광역시 수영구 남천바다로 32(남천동),35.1477636402,129.1134456196,051-754-1004
해풍가마솥,부산광역시 기장군 기장읍 연화1길 67,35.215202578,129.22364807,0507-1467-2213
톤쇼우(광안점),부산광역시 수영구 광안해변로279번길 13(민락동),35.1564795415,129.1248082814,051-752-7978
오륙도가원,부산광역시 남구 백운포로 14(용호동),35.1068792896,129.1113941399,051-635-0707
야스마루,부산광역시 부산진구 서전로38번길 35-14,35.156095135,129.0644190997,010-7144-7600
갓파스시,부산광역시 연제구 반송로 44(연산동),35.1885918827,129.0853802745,051-868-4377
무진장횟집,부산광역시 기장군 기장읍 연화1길 137,35.2171162986,129.2261339112,051-721-2956
동래밀면,부산광역시 동래구 명륜로 47(수안동),35.1984213145,129.0841912192,051-552-3092
앙로고택,부산광역시 강서구 식만로 122(식만동),35.2052617198,128.9066287201,010-4693-2229
젬스톤 송정점,부산광역시 해운대구 송정구덕포길 100(송정동),35.1714847655,129.1975515436,051-703-4802
료미 송정점,부산광역시 해운대구 송정광어골로 89(송정동),35.1735872923,129.1967098926,051-704-5550
덕미,부산광역시 기장군 기장읍 동암해안길 77,35.1964547552,129.2278287794,010-8773-8288
그린노마드,부산광역시 수영구 좌수영로 161-10(망미동),35.1784158257,129.1167972647,070-4222-5682
르쎄,부산광역시 동래구 온천천로 467-1(안락동),35.1914030262,129.1041674513,051-527-2933
꽃피는 4월 밀익는 5월,부산광역시 수영구 망미번영로70번길 16(수영동),35.1728024587,129.1110145888,010-2355-2772
한민이의 마크로비오틱 디저트,부산광역시 수영구 수영로522번길 41(광안동),35.1519881787,129.1140232308,010-2787-7868
러브얼스,부산광역시 수영구 광안로49번길 32-1(광안동),35.1564599846,129.1186032657,070-4647-2420
소문난원조조방낙지본점,부산광역시 동래구 명륜로94번길 37(명륜동),35.2040484573,129.0839216439,051-555-7763
개금밀면,부산광역시 부산진구 가야대로482번길 9-4(개금동),35.15258647,129.0251059496,051-892-3466
용암할매횟집,부산광역시 기장군 기장읍 기장해안로 615,35.2238017494,129.2309055339,051-721-2483
영진돼지국밥,부산광역시 사하구 하신번영로157번길 39(신평동),35.0966803818,128.9578910997,051-206-3820
수월경화,부산광역시 해운대구 송정중앙로6번길 188(송정동) 4층,35.176150892,129.1966014983,0507-1327-8450
하기연진주냉면,부산광역시 사하구 괴정로 32(하단동),35.1028270967,128.9677178559,051-207-6555
송정집,부산광역시 해운대구 송정광어골로 59(송정동),35.1762147693,129.1963681834,051-704-0577
다온나루,부산광역시 강서구 범방3로46번길 21(범방동),35.1465345199,128.882149118,051-832-1771
양산왕돼지국밥,부산광역시 해운대구 재반로 70(재송동),35.1849902672,129.1263740289,051-781-2722
풍원장 고기정찬 (달맞이 점),부산광역시 해운대구 달맞이길117번가길 175(중동),35.1596580339,129.1825753935,051-741-9020
해목,부산광역시 해운대구 구남로24번길 8(우동),35.1618601407,129.1596773231,051-746-3730
해운대 가야밀면,부산광역시 해운대구 좌동순환로 27(좌동),35.1688900332,129.1663765479,051-747-9405
동백샤브샤브,"부산광역시 해운대구 달맞이길117번가길 120-34(중동,코스코타워)",35.157494373,129.1818088529,051-742-2233
하녹,부산광역시 기장군 기장읍 내리길 146-5,35.2174185508,129.1996889809,010-2056-0075
깃발집 미주구리 물회,부산광역시 동래구 온천장로107번길 10(온천동),35.2204771709,129.0838684194,051-553-4012
속씨원한대구탕미포본점,부산광역시 해운대구 달맞이길62번길 28나비호텔 1층,35.1589051184,129.1706181201,051-744-0238
토비코,부산광역시 금정구 금정로 45,35.228867933,129.0857930213,051-515-0188
성일집,부산광역시 중구 대교로 103,35.09942876,129.0375007674,051-463-5888
사미헌,부산광역시 부산진구 서면문화로 19,35.158997445,129.0566863597,051-819-6677
클라우드32,부산광역시 해운대구 마린시티3로 52,35.1543912594,129.1449565859,051-749-5320
회국수할매집,부산광역시 부산진구 서면문화로 5,35.1582419911,129.0575974129,051-817-9260
가야할매밀면전문점,부산광역시 연제구 월드컵대로145번길 32,35.1851949389,129.0798725132,051-865-8017
오사카,부산광역시 사하구 낙동대로324번길 2,35.1004109631,128.9820222326,051-205-8408
소문난원조조방낙지,부산광역시 동래구 명륜로94번길 37,35.2040067954,129.0839272,051-555-7763
장춘방,부산광역시 동구 대영로243번길 30,35.1134494227,129.037978121,051-467-5820
일품한우,부산광역시 해운대구 해운대로570번길 49,35.1602575377,129.1594329447,051-747-9900
재기돼지국밥,부산광역시 영도구 절영로49번길 25,35.0896660083,129.0399036022,051-418-0526
오양수산,부산광역시 기장군 기장읍 기장해안로 548-3,35.2225990328,129.2269559113,051-721-0074
정동진해물탕,부산광역시 부산진구 서면문화로 37,35.1605028094,129.0554614251,051-809-8208
장퀘,부산광역시 해운대구 해운대해변로 383,35.1658487871,129.1707040333,051-731-6767
한뚝배기,부산광역시 부산진구 중앙대로692번길 45-4,35.1546952442,129.0618388067,051-807-0955
기장손칼국수,부산광역시 부산진구 서면로 56,35.1557061746,129.0581752093,051-806-6832
블랙업커피,부산광역시 부산진구 서전로10번길 41,35.1560950536,129.060005595,051-944-4952
서면개금밀면,부산광역시 부산진구 서면로68번길 39,35.1552978945,129.0585862957,051-802-0456
스테이크잡스 서면,부산광역시 부산진구 중앙대로702번길 33,35.15559513,129.061113846,051-805-3515
어쭈,부산광역시 부산진구 서면로 26,35.1531620144,129.0581447258,051-803-5244
마당집,부산광역시 부산진구 부전로 69,35.1563671437,129.0544894007,051-806-8602
넉아웃,부산광역시 부산진구 동천로 91-4,35.1569977672,129.0620081736,051-818-0519
막썰어파는횟집 서면,부산광역시 부산진구 중앙대로691번가길 24-13,35.1555811533,129.0562587129,051-701-3855
묵은지돼지김치찌개,부산광역시 부산진구 가야대로784번길 43,35.1555311812,129.0574752749,051-804-0011
길세이로무시,부산광역시 부산진구 서면로 21,35.1526453954,129.0575836775,0507-1303-0698
서삼집,부산광역시 부산진구 신천대로50번길 68,35.1538147565,129.0601723091,051-807-3335
옛날오막집,부산광역시 서구 구덕로274번길 14,35.1088190489,129.0197353895,051-243-6973
문화쌈밥,부산광역시 남구 유엔평화로 72,35.1287570602,129.0931951234,051-626-2292
18번완당집,부산광역시 중구 비프광장로 31,35.0989841994,129.0284682315,051-245-0018
동백섬횟집,부산광역시 해운대구 해운대해변로209번나길 17,35.1604296524,129.1546889075,051-741-3888
오막집,부산광역시 해운대구 해운대해변로209번나길 28,35.160082476,129.1550666621,051-742-8009
세연정,부산광역시 동래구 충렬대로 149,35.2052148646,129.0769638844,051-506-6666
오스테리아라치베타,부산광역시 부산진구 가야대로784번길 46-6,35.1555117286,129.0569114359,051-819-6190
이가네 떡볶이,부산광역시 중구 부평1길 48,35.1015921962,129.0260517037,051-245-0413
송도1913,부산광역시 서구 등대로 11(암남동),35.0770032484,129.0242441978,051-242-1914
냉수탕가든,부산광역시 부산진구 가야공원로 107(가야동),35.1444513331,129.0285447617,051-897-5252
자매국밥,부산광역시 수영구 민락본동로27번길 56(민락동),35.1583376838,129.1257164849,051-758-2737
영진돼지국밥 (부산 강서구),부산광역시 강서구 명지오션시티8로 31(명지동),35.0857002002,128.9112315699,051-271-7878
카오짜이,부산광역시 부산진구 중앙대로756번길 16,35.1593447179,129.0615387061,0507-1429-2670
토북베이커리,부산광역시 강서구 낙동남로 526-1,35.1118772136,128.8778809859,0507-1371-0250
선창횟집,부산광역시 해운대구 달맞이길62번길 67,35.1568915149,129.1738428948,051-747-7470
금강사(부산),부산광역시 동래구 우장춘로 211(온천동),35.2250098725,129.0771855435,051-555-1383
광안리해수욕장,부산광역시 수영구 광안해변로 219(광안동),35.1537908369,129.1184922375,051-622-4251
송정해수욕장,부산광역시 해운대구 송정해변로 62(송정동),35.1787117732,129.1996400523,051-749-5800
해운대해수욕장,부산광역시 해운대구 해운대해변로 264(우동),35.1591243474,129.1603078991,051-749-5700
오륙도 (부산 국가지질공원),부산광역시 남구 오륙도로 137,35.0920423481,129.1269487495,"부산국가지질공원 051-888-3636<br>
해파랑길 부산관광안내소 051-607-6395"
일광해수욕장,부산광역시 기장군 일광면 삼성3길 17,35.2599699714,129.2336848474,051-709-5446
해운대온천센터,부산광역시 해운대구 중동2로 16(중동),35.1634406103,129.1645768542,051-740-7000
부산어린이대공원,부산광역시 부산진구 새싹로 295,35.1872579098,129.0426784717,051-860-7848
부산 에덴공원,부산광역시 사하구 하단동,35.1092346301,128.9632291831,051-220-6041
용두산공원,부산광역시 중구 용두산길 37-55,35.1004841098,129.0326928231,용두산공원 051-860-7820
부산 송도해수욕장,부산광역시 서구 송도해변로 100,35.0739256715,129.016458847,051-240-4000
범어사(부산),부산광역시 금정구 범어사로 250(청룡동),35.2839975351,129.0681263762,051-508-3122
부산동명불원,부산광역시 남구 동명로 57(용당동),35.1191749994,129.1040277765,051-624-7667
충렬사,부산광역시 동래구 충렬대로 345 충렬사,35.1990686946,129.0966206758,051-888-7211
재한유엔기념공원 (UN기념공원),부산광역시 남구 유엔평화로 93 유엔기념공원,35.1277710987,129.0953116327,051-625-0625
금정산성,부산광역시 금정구 북문로 78-5,35.2587890268,129.0559836837,051-514-5501
민락수변공원,부산광역시 수영구 민락동,35.1546382351,129.1331270526,051-610-4742
25의용단,부산광역시 수영구 연수로379번길 42(수영동),35.1719498296,129.1138921398,051-752-2947
부산진성공원,부산광역시 동구 자성로 99,35.1359084454,129.0611254938,051-440-4064
광복로문화패션거리,부산광역시 중구 광복동,35.0991036826,129.031290205,
수미르공원,부산광역시 중구 대교로 122(중앙동6가),35.1020007071,129.0381561954,051-609-6310
삼광사,부산광역시 부산진구 초읍천로43번길 77,35.1759314153,129.0434426042,051-808-7111
부산 차이나타운특구(상해문.상해거리),부산광역시 동구 중앙대로179번길 1,35.1134327682,129.0385614042,051-440-4815
허심청,부산광역시 동래구 금강공원로20번길 23,35.2211354084,129.0826823935,051-550-2100
금강공원,부산광역시 동래구 우장춘로 155(온천동),35.2190105271,129.0762330134,051-860-7880
BIFF 광장,부산광역시 중구 남포길 4(남포동3가),35.0988508949,129.029212615,051-253-8523
부산다이아몬드타워,부산광역시 중구 용두산길 37-55(광복동2가) 용두산공원 내,35.1012701314,129.0326400285,051-601-1800
수영사적공원,부산광역시 수영구 수영성로 43(수영동),35.1706944259,129.1145032317,051-752-2947
대천천,부산 북구 화명동 172일대,35.2437901894,129.0278976536,051-309-4382
을숙도 공원,부산광역시 사하구 낙동남로 1240,35.0937941809,128.9353792487,051-209-2031
선암사(부산),부산광역시 부산진구 백양산로 138(부암동),35.1768587956,129.0275328529,051-803-7573
스포원파크,부산광역시 금정구 체육공원로399번길 324,35.289161567,129.1070700628,1577-0880
옥련선원,부산광역시 수영구 광남로257번길 58(민락동),35.161379026,129.1266024351,051-757-9066
부산광안대교,부산광역시 해운대구 수영강변대로 203,35.1449947568,129.1270084045,051-780-0077
황령산,부산광역시 남구 황령산로 391-39(대연동),35.1579341561,129.0827285679,070-7543-5249
40계단 문화관광테마거리,부산광역시 중구 40계단길 일대(중앙동4가),35.1040698693,129.0354119335,051-600-4046
동백공원,부산광역시 해운대구 우동(동백섬),35.1539081129,129.1521170882,051-749-4491
부산 올림픽동산,부산광역시 해운대구 APEC로 58,35.1644621364,129.1331740011,051-749-5600
부산 암남공원,부산광역시 서구 암남공원로 185(암남동),35.0616492424,129.0151037432,051-240-4538
금강식물원,부산광역시 금정구 장전동 산 43-1,35.2264763727,129.077063292,051-582-3284
홍법사(부산),부산광역시 금정구 두구로33번길 202(두구동),35.3027517754,129.1106443769,051-508-0345
송도마을,부산 서구 암남동,35.0679652024,129.0151035714,암남동 주민센터 051-240-6661
가덕도 등대,부산광역시 강서구 외양포로 10,35.0006471157,128.8295937487,051-971-9710
청사포,부산광역시 해운대구 중동,35.1604442358,129.1922189785,051-749-4000
삼락생태공원,부산광역시 사상구 낙동대로 1231,35.16914477,128.9732044604,"삼락생태공원관리사무소 : 051-303-0048, 051-303-0049"
동래향교,부산광역시 동래구 동래로 103,35.2077202717,129.0841215255,051-552-4160
태종대 전망대,부산광역시 영도구 전망로 24,35.0503990718,129.0883893471,051-405-1222
남도해양관광열차 S-트레인(S-train),부산광역시 동구 중앙대로 206,35.1152715223,129.0424332391,1544-7788
부산 가톨릭 특성화 거리,부산광역시 금정구 오륜대로 57(부곡동),35.2440581161,129.0976415723,부산가톨릭대학교 051-515-5811
옛백제병원,부산광역시 동구 중앙대로209번길 16(초량동),35.1163602303,129.0392001574,051-440-4064
김민부전망대,부산광역시 동구 영초윗길26번길 11(초량동),35.1177100066,129.0352504641,051-440-4342
168계단,부산광역시 동구 영초길197번길 9,35.1171295181,129.0353643591,051-253-8253
유치환 우체통 전망대,부산광역시 동구 망양로580번길 2(초량동),35.122112265,129.0338310231,051-469-9818
부산 자갈치 양곱창 골목,부산광역시 중구 구덕로 73(남포동6가),35.0973677005,129.0277461155,
부산 감천문화마을,부산광역시 사하구 감내2로 203,35.0975007038,129.0106253789,051-204-1444
허브랑야생화,부산광역시 금정구 북문로 73,35.254258903,129.0518675,051-515-0130
부산 복천동 고분군,부산광역시 동래구 복천로 66,35.2068732659,129.0906820891,051-554-4263
더베이101,부산광역시 해운대구 동백로 52(우동),35.1566855796,129.1521197895,051-726-8888
부산영화촬영스튜디오,부산광역시 해운대구 해운대해변로 52(우동),35.1625180008,129.1380958485,051-720-0323
아홉산숲,부산광역시 기장군 철마면 미동길 37-1,35.2871407693,129.1715589466,051-721-9183
F1963,부산광역시 수영구 구락로123번길 20,35.1767854293,129.1155140878,051-756-1963
부산 영화의 전당,부산광역시 해운대구 수영강변대로 120,35.170794647,129.1270576924,051-780-6000
맥도생태공원,부산광역시 강서구 공항로 500,35.1523490931,128.9549259546,051-941-9728
화명생태공원,부산광역시 북구 화명동,35.2310995032,129.0039112029,051-364-4127
키자니아 부산,부산광역시 해운대구 센텀4로 15 센텀시티 몰,35.1699003261,129.1283187187,1544-5110
부산 송도해상케이블카,부산광역시 서구 송도해변로 171(암남동),35.0766810472,129.0234248332,051-247-9900
태종대 다누비열차,부산광역시 영도구 전망로 257(동삼동),35.058334289,129.0880419388,이용문의 051-860-7861~7866
절영해안산책로,부산광역시 영도구 해안산책길 52,35.0812475294,129.0411870536,051-419-4064
부산대교,부산광역시 영도구 남항로9번길 41,35.0960180495,129.0385091058,051-600-4000
75광장,부산광역시 영도구 절영로 370(동삼동),35.0706212544,129.0582219729,051-419-4044
외양포 포진지,부산광역시 강서구 대항동,35.0056381443,128.8251995524,051-970-4066
초량 이바구길,부산광역시 동구 초량상로 49(초량동),35.1165712633,129.036264296,051-440-4284
장림포구,부산광역시 사하구 장림로93번길 72,35.0793627568,128.9513754709,051-220-4502
영도 흰여울해안터널,부산 영도구 영선동4가 1044-6,35.0779590845,129.0453201165,051-403-1861
국립 달음산자연휴양림,부산광역시 기장군 일광면 화용길 299-106,35.3027559437,129.1854434167,051-722-3023
구상반려암 (부산 국가지질공원),부산광역시 부산진구 전포동,35.1631194916,129.0721765659,부산국가지질공원 051-888-3631~6
낙동강하구 (부산 국가지질공원),부산광역시 사하구 낙동남로 1240(하단동),35.104551505,128.9460085869,051-209-2000
두송반도 (부산 국가지질공원),부산광역시 사하구 다대동(다대동),35.0595961635,128.9862007564,부산국가지질공원 051-888-3636
몰운대 (부산 국가지질공원),부산광역시 사하구 다대동산 144,35.0402813591,128.9699332506,051-209-2000
송도반도 (부산 국가지질공원),부산광역시 서구 암남동,35.0659655069,129.019511576,부산국가지질공원 051-888-3636
장산 (부산 국가지질공원),부산광역시 해운대구 장산로 331-18,35.1811053657,129.168189943,051-851-7851
마린시티,부산광역시 해운대구 우동,35.1560327184,129.1436566548,해운대 관광안내소 051-749-5700
금정산성마을 먹거리촌,부산광역시 금정구 금성동,35.2513870387,129.0538229642,054-518-0014
부산 치유의 숲,부산광역시 기장군 철마면 철마천로 101,35.2690086937,129.1298103057,방문자센터 051-976-2831~3
안데르센 동화마을,부산광역시 기장군 장안읍 장안로 211,35.3601199691,129.2399148578,051-709-4000
회동수원지,부산광역시 금정구 개좌로 147,35.2252550204,129.116648768,051-519-4081
호천마을,부산광역시 부산진구 엄광로 491(범천동),35.1442823259,129.0512427918,
죽성성당(드림세트장),부산광역시 기장군 기장읍 죽성리 134-7,35.2412223365,129.2478869088,051-709-4082
부산엑스더스카이,부산광역시 해운대구 달맞이길 30엘시티 랜드마크타워 98~100F,35.1613825711,129.168043276,051-731-0098~9
역사의 디오라마,부산광역시 중구 영주로 93,35.1146852898,129.0322896932,부산종합관광안내소 051-253-8253
해운대 블루라인파크,부산광역시 해운대구 청사포로 116(중동),35.161260796,129.1913940274,051-701-5548
승학산,부산광역시 사하구 당리동 산 45-1(당리동),35.1140927207,128.9795998493,051-220-4082
땅뫼산,부산광역시 금정구 오륜대로 260-1(오륜동),35.2472747896,129.1174425369,051-519-4081
영도 청학배수지 전망대,부산광역시 영도구 와치로 36(청학동),35.0883915225,129.0600713277,051-419-4000
우암동 도시 숲,부산광역시 남구 우암동 127-142,35.1274929334,129.0726358346,부산종합관광안내소 051-253-8253
흰여울문화마을,부산광역시 영도구 흰여울길 379,35.0772758472,129.0463700445,051-419-4067
기장해녀촌(연화리횟촌),부산광역시 기장군 기장읍 연화1길 184,35.2184217439,129.2281142588,기장군 문화관광과 051-409-4066
광안리 SUP Zone,부산광역시 수영구 남천동,35.1477386656,129.114673291,051-610-4951
이중섭거리,부산광역시 동구 범일1동 1422-82,35.1403355632,129.0521955944,051-440-4815
가덕도,부산광역시 강서구 천성동 308-2,35.022963833,128.8169442487,051-971-9710 (가덕도 등대)
영주하늘눈전망대,부산광역시 중구 영주동 91-7(영주동),35.1146102693,129.0307259427,051-600-4000
용소웰빙공원,부산광역시 기장군 기장읍 서부리,35.2462820674,129.2042100127,051-709-4534
캐비네 드 쁘아쏭(미디어 갤러리),부산광역시 기장군 기장읍 기장해안로 268-31,35.2002043557,129.228925803,051-604-7000
황령산 전망대,부산광역시 남구 황령산로 391-39(대연동),35.1579341561,129.0827285679,070-7542-7080
아미산 전망대,부산광역시 사하구 다대낙조2길 77(다대동),35.0527909028,128.9608087041,051-265-6863
영도 하늘전망대,부산광역시 영도구 절영로 321(동삼동),35.0719627089,129.0548555626,051-419-4000 (영도구 문화관광과)
대항전망대,부산광역시 강서구 대항동 산1-4(대항동),35.0171590759,128.8251214716,051-970-4062
천성항 방파제등대,부산광역시 강서구 천성동 646-2,35.0282187628,128.814891508,051-609-6807
구덕문화공원,부산광역시 서구 꽃마을로163번길 73(서대신동3가),35.1264529287,129.0057694569,051-240-3521~6
대신공원,부산광역시 서구 보수대로320번길 59(서대신동3가),35.1216925172,129.014810467,051-970-4062
부산민주공원,부산광역시 중구 민주공원길 19(영주동),35.1097246563,129.0280540854,051-790-7400
중앙공원,부산광역시 서구 망양로193번길 187(동대신동2가),35.112327142,129.0279956864,051-860-7800
장미원,부산 북구 화명동 2280,35.2333965778,129.0099161725,051-309-4521
구포 어린이교통공원,부산광역시 북구 낙동북로 687(구포동),35.2010694626,128.999956814,051-309-4805
화명수목원,부산광역시 북구 산성로 299(화명동),35.2510535364,129.0426767218,051-362-0261
소두방공원,부산광역시 기장군 정관읍 정관중앙로 100,35.3253311206,129.1817597786,051-709-4085
신평소공원,부산광역시 기장군 일광면 일광로 582-47,35.2927167929,129.2600538672,051-709-4085
장안사계곡,부산광역시 기장군 장안읍 장안로 482,35.3744348966,129.2328150778,051-709-4085
은진사,부산광역시 기장군 장안읍 고무로 271-47,35.3360483529,129.2765262292,051-727-3766
홍연폭포,부산 기장군 철마면 웅천리 879-47,35.2958702558,129.1667035724,051-709-4085
송상현광장,부산광역시 부산진구 동성로112번길 121-1(전포동),35.1651886075,129.0669241885,051-850-6081
오륜대전망대,부산광역시 금정구 오륜대로 229(오륜동),35.2483912516,129.1131428804,051-519-4081
해광사,부산광역시 기장군 기장읍 기장해안로 340,35.2055759171,129.22576204,051-721-3167
미포,부산광역시 해운대구 달맞이길62번길 28(중동),35.1589051184,129.1706181201,051-746-0969
오시리아 해안산책로,부산광역시 기장군 기장읍 시랑리 62-22,35.1974852256,129.2294674968,051-709-4000
센텀 APEC나루공원,부산광역시 해운대구 수영강변대로 85(우동),35.1679171964,129.1273244146,051-441-6565(부산시 관광안내소)
곰내연밭,부산광역시 기장군 철마면 웅천리 254-4,35.2954092493,129.1695450043,051-709-4000
가덕해양파크휴게소,부산광역시 강서구 거가대로 2571(천성동),35.0230581337,128.809630994,051-715-2200
해운대수목원,부산 해운대구 석대동 26,35.2304408466,129.1326250124,051-888-7131
해리단길,부산광역시 해운대구 우동 510-7,35.1648792094,129.1576301962,051-749-2909
낙동강 생태탐방선,부산광역시 사하구 하단동 1149-10,35.1102509254,128.9492081536,051-294-2135
대연수목전시원,부산광역시 남구 신선로447번길 24(대연동),0.0,0.0,051-888-6870
부산라벤더팜,부산광역시 기장군 철마면 개좌로 679-30,35.2590462559,129.1478284558,051-721-6253
미포항,부산광역시 해운대구 달맞이길62번길 33-1(중동),35.1584551702,129.1706820162,1833-5880
관음사,부산광역시 사하구 제석로79번길 33(당리동),35.1091043203,128.9758058697,051-294-9300
국제크루즈터미널,부산광역시 영도구 해양로301번길 17(동삼동),35.080801057,129.0791837627,051-405-6154
감지해변,부산광역시 영도구 감지길 110(동삼동),35.0625336062,129.0764900502,051-419-4064
사상근린공원,부산광역시 사상구 가야대로 35(감전동),35.1521995132,128.9768740479,070-4010-8130
대항선착장,부산광역시 강서구 대항동 393-3(대항동),35.012329077,128.825999303,
하리선착장,부산광역시 영도구 동삼동 764-7,35.0704133733,129.0815032887,051-120
정란각/문화공감수정,부산광역시 동구 홍곡로 75(수정동),35.1255870389,129.0426662706,051-441-0740
가덕도대항인공동굴,부산광역시 강서구 대항동 393-9(대항동),35.0133095493,128.8274685924,1330
금정산성 막걸리,부산광역시 금정구 산성로 453(금성동),35.2504233066,129.0564227644,051-517-0202
캐니언파크 부산,부산광역시 남구 전포대로 133(문현동),35.1483043601,129.0654692218,051-710-1022
부산롯데월드,부산광역시 기장군 동부산관광로 42,35.1960684107,129.212999524,1661-2000
용호별빛공원,부산광역시 남구 분포로 66-40,35.1322571676,129.1201732372,051-607-4042
동래온천길(온천천 산책코스),"부산광역시 동래구 온천천로 451도시철도 온천장역(부산광역시 동래구 중앙대로 1520), 도시철도 동래역(부산광역시 동래구 중앙대로 1324), 온천천 카페거리(부산광역시 동래구 온천천로 451)",35.1916279693,129.1024592605,051-550-4092
부산 칠드런스 뮤지엄,부산광역시 기장군 기장해안로 172스타테라스건물 2층,35.1920578383,129.2177964393,051-711-8862
통일아시아드공원,부산광역시 사하구 다대동1585,35.0594543994,128.9800346295,051-220-4061(사하구청 문화관광과)
녹산고향동산,부산광역시 강서구 범방4로 132,35.154317052,128.8860013488,051-970-4061
오륙도해맞이소공원,부산광역시 남구 용호동950-1,35.1016495355,129.1230988205,051-607-6395
이기대 섭자리,부산광역시 남구 이기대공원로 11,19.69442748,117.9925662504,051-607-6399
달맞이동산,부산광역시 해운대구 달맞이길 184 청사포공원해월정화장실,35.1571305311,129.1821532774,051-749-4084
대천공원,부산광역시 해운대구 장산로 331-18 대천공원2호화장실,35.1813775511,129.1678566312,051-749-4000
반송공원,부산광역시 해운대구 반송순환로 100-53,19.69442748,117.9925662504,051-749-4540
국청사(부산),부산광역시 금정구 북문로 42,35.2538895578,129.0549922383,051-517-5003
금수사(부산),부산광역시 동구 망양로 533-1(초량동),35.1204207111,129.029678653,051-467-3316
금정선원,부산광역시 동래구 우장춘로 157-59(온천동),35.2216351938,129.0741053488,051-555-1208
마하사(부산),부산광역시 연제구 봉수로 138,35.1639058017,129.0876863061,마하사 051-852-2436
미륵사(부산),부산광역시 금정구 북문로 126(금성동),35.274006634,129.0489255467,051-508-4707
척판암(부산),부산광역시 기장군 장안읍 장안로 490-156,35.3760512352,129.2249379417,051-727-3547
법륜사(부산),부산광역시 동래구 동래로 162(칠산동),35.2037846774,129.0882184992,051-553-7771
영주암(부산),부산광역시 수영구 망미배산로76번나길 15(망미동),35.1766545764,129.0986683346,051-754-2210
신세계 센텀시티,부산광역시 해운대구 센텀남대로 35,35.1687865886,129.1297408475,1588-1234
청량사(부산),부산광역시 강서구 제도로 29,35.117757865,128.9190855715,051-271-2774
낙동강하구 ,부산광역시 사하구 낙동남로 1240,35.1044292944,128.9458947113,051-209-2000
해운대 동백섬,부산광역시 해운대구 동백로 67(우동) 일대,35.153991438,129.1521809693,051-749-7621
금정산 (부산 국가지질공원),부산광역시 금정구 금성동,35.268448978,129.0518587773,부산국가지질공원 051-888-3636
다대포해수욕장,부산광역시 사하구 몰운대1길 14,35.0464195263,128.9680332493,051-220-5895
태종대 (부산 국가지질공원),부산광역시 영도구 전망로 24(동삼동),35.0582842405,129.0850810864,051-888-3637
장안사(부산),부산광역시 기장군 장안읍 장안로 482,35.3745682165,129.2328734022,051-727-2393
해동 용궁사(부산),부산광역시 기장군 기장읍 용궁길 86,35.188283368,129.2235599308,051-722-7744
부산 중앙공원,부산광역시 서구 망양로193번길 187(동대신동2가),35.1121382707,129.0278123742,051-860-7800
태종사,부산광역시 영도구 전망로 119(동삼동),35.0560095813,129.0897751849,051-405-4848
초량교회,부산광역시 동구 초량상로 53(초량동),35.1171434347,129.0369614421,051-465-0533
친환경 스카이웨이 전망대(이바구길),부산광역시 동구 초량동,35.1213095185,129.0306535435,051-441-3121
민주공원,부산광역시 중구 민주공원길 19(영주동),35.1093802515,129.0281096457,051-790-7400
태종대온천찜질방,부산광역시 영도구 태종로 808,35.0645889744,129.0787786847,051-404-9001
평화공원,부산광역시 남구 신선로447번길 10,35.1253214518,129.0995779953,051-607-6362
공수어촌체험마을,부산광역시 기장군 기장읍 공수해안길 13-2,35.1844585662,129.2111944455,051-723-1919
동래온천 노천족탕,부산광역시 동래구 금강공원로26번길 21(온천동),35.2200382869,129.0814741955,051-550-6602
대변마을,부산광역시 기장군 기장읍 기장해안로 605,35.2248238474,129.2303944389,051-253-8253
영도 등대,부산광역시 영도구 전망로 181,35.0523933666,129.0923639479,051-405-1201
영도대교,부산광역시 영도구 태종로 46(대교동1가),35.0940710125,129.0367343133,1670-8114
송정 죽도공원,부산광역시 해운대구 송정해변로 1-23,35.1799561988,129.206133898,송정관광안내소 051-749-5800
금강암(부산),부산광역시 금정구 범어사로 254(청룡동),35.2818532794,129.0652933488,051-508-4509
문화공감 수정(부산 수정동 일본식 가옥),부산광역시 동구 홍곡로 75(수정동),35.1255870389,129.0426662706,문화공감 수정 051-441-0004
소림사(부산),부산광역시 동구 초량상로65번길 7(초량동),35.1176489316,129.036853104,"051-253-8253,051-468-4497"
부산 진지성,부산광역시 동구 자성로 99(범일동),35.1357667829,129.0604644448,051-711-6566
부산진일신여학교,부산광역시 동구 정공단로17번길 17(좌천동),35.1348306373,129.0528984614,051-635-7113
해월정,부산광역시 해운대구 중동,35.1585054149,129.1841752861,051-749-5700
전포카페거리,부산광역시 부산진구 전포대로209번길 26(전포동),35.1564006288,129.0629164444,051-605-4521
임랑해수욕장,부산광역시 기장군 장안읍 임랑리,35.3160142193,129.2620863763,051-709-5448
오륙도 스카이워크,부산광역시 남구 오륙도로 137,35.1022800177,129.1229377062,"해파랑길 관광안내소 051-607-6395<br>
시설관리사업소 : 051-607-4937"
대각사(부산),부산광역시 중구 광복중앙로 21(신창동1가),35.1010840045,129.0306263201,051-245-8781
관수옥과 초량왜관 터,부산광역시 중구 용두산길 37-55(광복동2가),35.1005396593,129.0327483723,051-600-4066
이기대 (부산 국가지질공원),부산광역시 남구 용호동,35.1162451995,129.1271619566,051-607-6398
기장향교,부산광역시 기장군 기장읍 차성로417번길 35,35.2578421006,129.2158836772,기장군 문화관광과 051-709-4062
삼진어묵체험·역사관,부산광역시 영도구 태종로99번길 36,35.0929934673,129.0428032596,051-412-5468
대저생태공원,부산광역시 강서구 공항로 1246,35.2098737478,128.984566247,대저생태공원관리사무소 051-971-6011
망산도·유주암·유주비각,부산광역시 강서구 송정동,35.0967250919,128.8209252451,055-225-3673
봉래산(부산),부산광역시 영도구 청학동,35.0825699231,129.0584994009,051-253-8253
부산영화체험박물관,부산광역시 중구 대청로126번길 12(동광동3가),35.1017589855,129.0336899238,051-715-4200~1
깡깡이 예술마을,부산광역시 영도구 대평북로 36(대평동2가),35.0932043968,129.0342206663,051-418-3336
만들숲,부산광역시 부산진구 중앙대로 지하 818(전포동),35.1639553695,129.0645827594,051-580-9045
낙동강문화관,부산광역시 사하구 낙동남로1233번길 1(하단동),35.1082872241,128.9474416939,051-292-1042
청사포 다릿돌전망대,부산광역시 해운대구 청사포로 167(중동),35.1633523032,129.1954075101,051-749-5720
동래읍성지,부산광역시 동래구 칠산동(칠산동),35.204104175,129.0930236281,051-550-4084
아미르공원,부산광역시 영도구 동삼동,35.076293196,129.0774423702,051-419-4531
구포만세거리,부산광역시 북구 구포동(구포동),35.2092657979,129.0016758842,
부산시민공원,부산광역시 부산진구 시민공원로 73(범전동),35.1654939246,129.0558806966,051-850-6000
백양산 웰빙숲,부산광역시 사상구 모라동 산110-1,35.1843909879,129.0114340487,051-309-2052
KT_G 상상마당 부산,부산광역시 부산진구 서면로 39,35.1543174256,129.0573308761,051-809-5555
송도용궁구름다리,부산광역시 서구 암남동 620-53암남공원 안,35.0619576685,129.0220170229,051-240-4087
해운대리버크루즈,부산광역시 해운대구 수영강변대로 85(우동),35.1679171964,129.1273244146,051-711-1789
성지곡수원지,부산광역시 부산진구 새싹로 295(초읍동),35.1853692278,129.0424174355,051-860-7848
가덕도 연대봉,부산광역시 강서구 천성동,35.0317518247,128.8216713782,강서구청 문화체육과 051-970-4062
물빛색스튜디오,부산광역시 강서구 체육공원로6번길 139-28,35.2093931581,128.9797833434,"051-343-1179, 0507-1393-1179"
대저수문 생태공원,부산 강서구 대저1동 279-9,35.2300966255,128.9924094542,051-970-4682
비석문화마을,부산광역시 서구 아미로 49(아미동2가),35.0998532521,129.0124473789,051-240-6541
닥밭골 벽화마을,부산광역시 서구 망양로170번길 17-4(동대신동2가),35.1143268372,129.0235904594,051-240-6421
해동성취사,부산광역시 기장군 일광면 일광로 429,35.2812735257,129.2544185643,051-727-0859
젖병등대,부산 기장군 기장읍 연화리 297-5,35.2138277212,129.2230814903,051-405-1201
옥정사,부산광역시 기장군 일광면 달음길 101,35.3112806782,129.2225232855,051-727-0150
이동항,부산광역시 기장군 일광면 이천리 170-8,35.2717466345,129.2446918963,051-709-4000
묘관음사,부산광역시 기장군 장안읍 해맞이로 253-38,35.3228663067,129.2662747102,051-727-2035
가야공원 / 가야산책공원,부산광역시 부산진구 엄광로 118(가야동),35.1483453258,129.0276891748,051-605-4000
감만시민공원,부산광역시 남구 감만동 626-1,35.1097087416,129.0687505471,051-607-4000
누리바라기전망대,부산광역시 서구 남부민동 50-40(남부민동),35.0907988546,129.0203302731,051-240-4061
만덕고개 누리길 전망데크,부산광역시 동래구 온천동 산153-8,35.214280152,129.0573042353,051-550-4061
신호공원,부산 강서구 신호동 315-1,35.0819137723,128.8707796382,051-970-4522
연태봉,부산광역시 강서구 천성동 산 6-98,35.0305993811,128.8329509833,051-970-4444
온천천시민공원,부산광역시 연제구 연산동 2058-6(연산동),35.1925249557,129.0951265407,051-554-8411 /  051-665-4000
보람공원,부산광역시 강서구 녹산산단262로14번길 20(송정동),35.0881459047,128.8432429784,051-970-4531~5
명지동근린공원,부산광역시 강서구 명지오션시티10로 95(명지동),35.0870333005,128.9066569316,051-970-4531~5
밀락더마켓,부산광역시 수영구 민락수변로17번길 56,35.1542603874,129.1270664784,051-752-5671
금용암(부산),부산광역시 연제구 성지곡로 111(거제동),35.1916075512,129.049663856,051-501-6300
묘심사(부산),부산광역시 동구 망양로 671(수정동),35.126761849,129.0395054026,051-467-2390
성암사(부산),부산광역시 남구 진남로210번길 58-15(문현동),35.1456799238,129.0800957995,051-635-3744
안적사(부산),부산광역시 기장군 기장읍 내리길 461-16,35.2142766822,129.169888882,051-543-9408
운수사(부산),부산광역시 사상구 모라로219번길 173(모라동),35.183582782,129.0134338969,051-313-3300
월명사(부산),부산광역시 기장군 일광면 참샘길 124,35.269243617,129.2167499529,051-721-0123
조방해수탕,부산광역시 부산진구 자유평화로37번길 15-19(범천동),35.1418522515,129.0625724285,051-645-0005
혜원정사,부산광역시 연제구 고분로68번길 47(연산동),35.184017494,129.0907132695,051-866-7771
중앙해수랜드,부산광역시 남구 용호로 64,35.125627178,129.1106575793,051-622-8899
센텀시티 스파랜드,부산광역시 해운대구 센텀남대로 35(우동),35.1686477032,129.1290909078,1668-2850
다대포 꿈의 낙조분수,부산광역시 사하구 몰운대1길 14,35.0464195263,128.9680332493,051-220-5891
내원정사(부산),부산광역시 서구 엄광산로40번길 121-22(서대신동3가),35.1265474825,129.0122827767,051-242-0691
개미집(본점),부산광역시 중구 중구로30번길 20,35.1005618293,129.0300180532,051-246-3186
모모스 로스터리_커피바,부산광역시 금정구 오시게로 18-1,35.2192384668,129.0863710134,051-512-7034
영동밀면&돼지국밥,부산광역시 동구 중앙대로209번길 12,35.1163102386,129.0393473684,070-4214-8347
감천항,부산광역시 서구 원양로 6(암남동),35.0547971892,129.0128152394,051-240-4061
두도  (부산 국가지질공원),부산광역시 사하구 낙동남로 1240,35.1044292944,128.9458947113,051-209-2000
두도 (부산 국가지질공원),부산광역시 서구 암남동,35.0490923097,129.0148985467,051-888-3636
학리항 (학리방파제),부산 기장군 일광면 학리 251-13,35.2599730111,129.2477530679,051-709-4000
낙동강하구에코센터,부산광역시 사하구 낙동남로 1240,35.1044292944,128.9458947113,051-209-2000
스파랜드 센텀시티,부산광역시 해운대구 센텀남대로 35(우동),35.1686477032,129.1290909078,1668-2850
오륙도해맞이공원,부산광역시 남구 용호동950-1,35.1016495355,129.1230988205,051-607-6395
학리항(학리방파제),부산 기장군 일광면 학리 251-13,35.2599730111,129.2477530679,051-709-4000
KT&G 상상마당 부산,부산광역시 부산진구 서면로 39,35.1543174256,129.0573308761,051-809-5555
LIDI_PAUL,부산광역시 금정구 금샘로 219,35.2437884436,129.0836872388,051-582-1842
영동밀면_돼지국밥,부산광역시 동구 중앙대로209번길 12,35.1163102386,129.0393473684,070-4214-8347
